1,ROGER,MAGNUSSON,79,1,20/03/45,attaquant
2,DIDIER,DROGBA,46,6000000,11/03/78,attaquant
3,JOSIP ,SKOBLAR,83,1,12/03/41,attaquant
4,ERIC,DI MECO,60,0,07/09/63,défenseur
5,BASILE,BOLI,57,0,02/01/67,défenseur
6,CHRIS,WADDLE,63,5400000,14/12/60,milieu
7,FABIEN,BARTHEZ,52,0,28/06/71,gardien
8,STEVE,MANDANDA,39,2500000,28/03/85,gardien
9,DIDIER,DESCHAMPS,55,510000,15/10/68,milieu
10,MAMADOU,NIANG,44,7000000,13/10/79,attaquant
11,DIMITRI,PAYET,37,29300000,29/03/87,milieu
12,LUCHO,GONZÀLEZ,43,19000000,19/01/81,milieu
13,DJIBRIL,CISSÉ,42,9000000,12/08/81,attaquant
14,MARCEL,DESAILLY,55,1,07/09/68,défenseur
15,MATTEO,GUENDOUZI,25,11000000,14/04/99,milieu
16,PIERRE-EMERICK,AUBAMEYANG,34,0,18/06/89,attaquant
17,ALEXIS,SÁNCHEZ,35,0,19/12/88,attaquant
18,JORDAN,VERETOUT,31,12450000,01/03/93,milieu
19,JONATHAN,CLAUSS,31,7500000,25/09/92,défenseur
20,JEAN-PIERRE,PAPIN,60,1800000,05/11/63,attaquant
21,RUDI,VÖLLER,64,1,13/04/60,attaquant
",",,,,,,
1,1986-1987,JEAN-PIERRE PAPIN,pas qualifié,2,,
2,1987-1988,JEAN-PIERRE PAPIN,Demi-Finaliste de la Coupe des Coupes,6,,
3,1988-1989,JEAN-PIERRE PAPIN,pas qualifié,1,,
4,1989-1990,JEAN-PIERRE PAPIN,Demi-Finaliste de la Coupe des clubs champions,1,,
5,1990-1991,JEAN-PIERRE PAPIN,Finaliste de la Coupe des clubs champions,1,,
6,1991-1992,JEAN-PIERRE PAPIN,Huitièmes de finale de la Coupe des clubs champions,1,,
7,1992-1993,ALEN BOKŠIĆ,Vainqueur de la Ligue des champions,1,,
8,1998-1999,LAURENT BLANC,Finaliste de la Coupe UEFA,2,,
9,2002-2003,DANIEL VAN BUYTEN,pas qualifié,3,,
10,2003-2004,DIDIER DROGBA,Finaliste de la Coupe UEFA,7,,
11,2005-2006,FRANCK RIBÉRY,Vainqueur de la Coupe Intertoto/8èmes de finale de la Coupe UEFA,5,,
12,2009-2010,MAMADOU NIANG,Huitièmes de finale de la Ligue Europa,1,,
13,2010-2011,ANDRÉ AYEW,Huitièmes de finale de la Ligue des champions,2,,
14,2011-2012,ANDRÉ AYEW,Quarts de finaliste de la Ligue des champions,10,,
15,2017-2018,DIMITRI PAYET,Finaliste de la Ligue Europa,4,,
16,2021-2022,DIMITRI PAYET,Demi-Finaliste de la Ligue Europa Conférence,2,,
17,2022-2023,ALEXIS SÁNCHEZ,Quatrième du groupe en Ligue des champions,3,,
",",,,,,,
1,Ligue des champions,,,,,
2,Coupe de la Ligue,,,,,
3,Coupe de France,,,,,
4,Ligue 1,,,,,
5,Coupe Intertoto,,,,,
6,Trophée des champions,,,,,
",",,,,,,
10,2,,,,,
1,4,,,,,
3,4,,,,,
4,4,,,,,
5,4,,,,,
6,4,,,,,
7,4,,,,,
5,5,,,,,
6,5,,,,,
7,5,,,,,
4,6,,,,,
5,6,,,,,
6,6,,,,,
7,7,,,,,
10,7,,,,,
12,8,,,,,
13,8,,,,,
14,8,,,,,
15,8,,,,,
16,8,,,,,
4,9,,,,,
6,9,,,,,
7,9,,,,,
11,10,,,,,
12,10,,,,,
15,11,,,,,
16,11,,,,,
17,11,,,,,
12,12,,,,,
13,12,,,,,
7,14,,,,,
16,15,,,,,
17,15,,,,,
17,17,,,,,
17,18,,,,,
17,19,,,,,
1,20,,,,,
2,20,,,,,
3,20,,,,,
4,20,,,,,
5,20,,,,,
6,20,,,,,
7,21,,,,,
",",,,,,,
1,7,,,,,
2,12,,,,,
2,13,,,,,
2,14,,,,,
3,3,,,,,
4,3,,,,,
4,4,,,,,
4,5,,,,,
4,6,,,,,
4,7,,,,,
4,12,,,,,
5,11,,,,,
6,13,,,,,
6,14,,,,,
",",,,,,,
1,1,sud,129,2456,,
2,1,est,129,1857,,
3,1,ouest,129,123,,
4,1,nord,129,0,,
5,2,sud,89,3021,,
6,2,est,89,3124,,
7,2,ouest,89,35,,
8,2,nord,89,940,,
9,3,sud,69,0,,
10,3,est,69,456,,
11,3,ouest,69,1364,,
12,3,nord,69,1993,,
13,4,sud,49,94,,
14,4,est,49,2684,,
15,4,ouest,49,494,,
16,4,nord,49,44,,
17,5,sud,29,3201,,
18,5,est,29,0,,
19,5,ouest,29,543,,
20,5,nord,29,789,,
",",,,,,,
1,admin,admin,admin,admin@outlook.com,admin,
2,Antonin,Mottet,mottetan,mail@outlook.com,mottetan,
",",,,,,,
1,1,,,,,
",",,,,,,
1,2,,,,,
",",,,,,,
Olympique de Marseille,Paris-Saint-Germain,15/06/24,Stade Vélodrome,,,
",",,,,,,
1,1,,,,,
1,2,,,,,
1,3,,,,,
1,4,,,,,
1,5,,,,,
1,6,,,,,
1,7,,,,,
1,8,,,,,
1,9,,,,,
1,10,,,,,
1,11,,,,,
1,12,,,,,
1,13,,,,,
1,14,,,,,
1,15,,,,,
1,16,,,,,
1,17,,,,,
1,18,,,,,
1,19,,,,,
1,20,,,,,
",",,,,,,
